Message,reply
go until jurong point  crazy   available only in bugis n great world la e buffet    cine there got amore wat   ,Just found the bug that I was having after searching for many pages of the paper. It gives it new name : (see comment below) It shows you the list of known errors in every piece of paper I researched. You can find these errors either through the box or
ok lar    joking wif u oni   ,"Hi, what's the problem??? My wife and I are friends with another person. i just saw how many people who are talking about her (she's in the gym or other place) got together and we talk about her alot. is she related from the past or the future or something? what do you think of her past??????????????????

Answer: If"
free entry in 2 a wkly comp to win fa cup final tkts 21st may 2005  text fa to 87121 to receive entry question std txt rate t c s apply 08452810075over18 s,"[12.08.2005 - 08:12:43]

Hi! Hi guys,I'm an engineer, I have always dreamt of becoming a chef but due to health reasons I quit the"
u dun say so early hor    u c already then say   ,"Thank you for the reply.

Unease of Answer

You have to ask the question clearly, because you don't know what to say or to do:

""What really happened?""

Your reply is that everything I have been told to say here to you was true. But I know what my answers are based on"
nah i don t think he goes to usf  he lives around here though,"Hi Dr. Wren-Beth.

Hi Dr. Wren-Beth - I see you are using the name of Dr. Steven Kuczynski. In my opinion, Dr. Steven is a non-profit with no affiliation whatsoever with the White House. I am not an affiliated member of The Pawnee Institute (Pawnee's"
